option	alpha	beta	num_valid_clusters	largest_cluster	num_edges_in_clustergraph	num_clusters	go_enrichment	adhd_genes	adhd_enriched_genes	autism_genes	autism_enriched_genes	bipolar_genes	bipolar_enriched_genes	mdd_genes	mdd_enriched_genes	schizophrenia_genes	schizophrenia_enriched_genes	gd_mean	gd_min	gd_25%	gd_75%	gd_max	md_mean	md_min	md_25%	md_75%	md_max
2	0.1	0.5	59	1196	715323	59.0	28.0	14.0	5.0	12.0	3.0	1.0	0.0	3.0	0.0	16.0	0.0	14.75	3.0	3.0	15.75	48.0	26.533333333333335	2.0	4.0	11.5	607.0
2	0.1	0.6	381	835	361627	381.0	79.0	14.0	5.0	12.0	3.0	1.0	0.0	3.0	0.0	16.0	5.0	11.606060606060606	1.0	1.0	2.0	318.0	15.353403141361257	2.0	5.0	15.0	289.0
2	0.1	0.7	799	510	156491	799.0	84.0	14.0	5.0	12.0	3.0	1.0	0.0	3.0	0.0	16.0	5.0	19.023255813953487	1.0	1.0	1.0	740.0	12.92875	1.0	4.0	14.0	287.0
2	0.1	0.8	1425	115	35240	1425.0	85.0	14.0	5.0	12.0	4.0	1.0	0.0	3.0	2.0	16.0	6.0	75.0	1.0	1.0	1.0	1407.0	8.03366058906031	1.0	4.0	9.0	115.0
2	0.1	0.9	1584	49	28182	1584.0	83.0	14.0	5.0	12.0	4.0	1.0	0.0	3.0	0.0	16.0	3.0	99.0	1.0	1.0	1.0	1569.0	6.935646687697161	1.0	4.0	8.0	49.0
2	0.15	0.65	305	595	196655	305.0	75.0	14.0	5.0	12.0	5.0	1.0	0.0	3.0	0.0	16.0	7.0	30.8	1.0	1.0	2.5	287.0	20.11437908496732	2.0	7.0	21.0	409.0
2	0.15	0.66	315	566	187449	315.0	77.0	14.0	5.0	12.0	7.0	1.0	0.0	3.0	0.0	16.0	6.0	17.555555555555557	1.0	1.0	1.0	289.0	19.765822784810126	2.0	6.0	21.25	403.0
2	0.15	0.67	330	578	186508	330.0	79.0	14.0	5.0	12.0	7.0	1.0	0.0	3.0	2.0	16.0	6.0	25.615384615384617	1.0	1.0	3.0	301.0	19.308157099697887	2.0	6.0	21.0	366.0
2	0.15	0.68	327	611	204045	327.0	77.0	14.0	5.0	12.0	6.0	1.0	0.0	3.0	0.0	16.0	4.0	25.46153846153846	1.0	1.0	1.0	302.0	18.454268292682926	2.0	6.0	20.0	409.0
2	0.15	0.69	360	598	194408	360.0	78.0	14.0	5.0	12.0	4.0	1.0	0.0	3.0	2.0	16.0	5.0	30.166666666666668	1.0	1.0	2.0	336.0	19.022160664819946	2.0	6.0	22.0	417.0
2	0.15	0.7	362	628	212714	362.0	76.0	14.0	5.0	12.0	6.0	1.0	0.0	3.0	0.0	16.0	5.0	19.68421052631579	1.0	1.0	1.5	329.0	19.881542699724516	2.0	7.0	22.0	418.0
2	0.15	0.71	359	485	145969	359.0	80.0	14.0	5.0	12.0	6.0	1.0	0.0	3.0	2.0	16.0	4.0	30.083333333333332	1.0	1.0	1.0	339.0	18.475	3.0	6.0	19.0	333.0
2	0.15	0.72	369	486	142486	369.0	77.0	14.0	5.0	12.0	3.0	1.0	0.0	3.0	2.0	16.0	3.0	25.066666666666666	1.0	1.0	2.0	339.0	16.964864864864865	3.0	6.0	20.0	253.0
2	0.15	0.73	422	428	112545	422.0	78.0	14.0	5.0	12.0	4.0	1.0	0.0	3.0	0.0	16.0	7.0	28.333333333333332	1.0	1.0	1.5	396.0	15.404255319148936	3.0	6.0	18.0	325.0
2	0.15	0.74	440	408	107048	440.0	79.0	14.0	5.0	12.0	6.0	1.0	0.0	3.0	2.0	16.0	5.0	26.41176470588235	1.0	1.0	2.0	414.0	15.573696145124716	3.0	6.0	19.0	320.0
2	0.16	0.65	278	629	231741	278.0	77.0	14.0	5.0	12.0	4.0	1.0	0.0	3.0	0.0	16.0	5.0	25.454545454545453	1.0	1.0	2.5	254.0	20.258064516129032	2.0	8.0	21.0	421.0
2	0.16	0.66	304	605	207907	304.0	81.0	14.0	5.0	12.0	5.0	1.0	0.0	3.0	2.0	16.0	5.0	23.615384615384617	1.0	1.0	2.0	280.0	20.318032786885247	2.0	8.0	22.0	344.0
2	0.16	0.67	326	607	203904	326.0	78.0	14.0	5.0	12.0	6.0	1.0	0.0	3.0	2.0	16.0	3.0	23.428571428571427	1.0	1.0	1.75	299.0	20.0	3.0	7.0	20.5	394.0
2	0.16	0.68	334	569	179665	334.0	77.0	14.0	5.0	12.0	5.0	1.0	0.0	3.0	2.0	16.0	6.0	27.916666666666668	1.0	1.0	1.25	312.0	18.095522388059702	3.0	8.0	20.5	394.0
2	0.16	0.69	323	567	183718	323.0	79.0	14.0	5.0	12.0	5.0	1.0	0.0	3.0	2.0	16.0	5.0	29.727272727272727	1.0	1.0	2.0	303.0	19.08641975308642	3.0	6.0	21.0	409.0
2	0.16	0.7	320	507	153250	320.0	78.0	14.0	5.0	12.0	6.0	1.0	0.0	3.0	0.0	16.0	7.0	21.666666666666668	1.0	1.0	2.0	294.0	19.869158878504674	3.0	6.0	21.0	306.0
2	0.16	0.71	338	493	153185	338.0	77.0	14.0	5.0	12.0	6.0	1.0	0.0	3.0	0.0	16.0	8.0	30.818181818181817	1.0	1.0	2.5	316.0	19.41592920353982	3.0	6.0	20.0	395.0
2	0.16	0.72	373	423	115438	373.0	77.0	14.0	5.0	12.0	3.0	1.0	0.0	3.0	2.0	16.0	7.0	34.09090909090909	1.0	1.0	1.5	357.0	18.328877005347593	3.0	6.0	21.0	362.0
2	0.16	0.73	376	436	123820	376.0	79.0	14.0	5.0	12.0	3.0	1.0	0.0	3.0	0.0	16.0	6.0	25.2	1.0	1.0	1.5	350.0	17.246684350132625	3.0	6.0	20.0	280.0
2	0.16	0.74	386	353	92884	386.0	79.0	14.0	5.0	12.0	3.0	1.0	0.0	3.0	0.0	16.0	3.0	27.714285714285715	1.0	1.0	1.0	367.0	16.405684754521964	3.0	6.0	19.0	303.0
2	0.17	0.65	291	678	241218	291.0	77.0	14.0	5.0	12.0	7.0	1.0	0.0	3.0	2.0	16.0	5.0	29.1	1.0	1.0	1.0	270.0	19.90753424657534	3.0	8.0	22.0	431.0
2	0.17	0.66	288	619	211932	288.0	79.0	14.0	4.0	12.0	4.0	1.0	0.0	3.0	2.0	16.0	5.0	24.166666666666668	1.0	1.0	1.0	268.0	20.688581314878892	3.0	8.0	23.0	418.0
2	0.17	0.67	312	565	183814	312.0	79.0	14.0	5.0	12.0	6.0	1.0	0.0	3.0	0.0	16.0	6.0	26.333333333333332	1.0	1.0	2.25	288.0	19.6741214057508	3.0	8.0	23.0	356.0
2	0.17	0.68	325	643	221679	325.0	76.0	14.0	5.0	12.0	7.0	1.0	0.0	3.0	2.0	16.0	8.0	23.785714285714285	1.0	1.0	2.75	301.0	20.150306748466257	3.0	8.0	22.0	458.0
2	0.17	0.69	318	587	198841	318.0	78.0	14.0	5.0	12.0	3.0	1.0	0.0	3.0	2.0	16.0	5.0	24.76923076923077	1.0	1.0	1.0	296.0	20.811912225705328	3.0	7.0	21.0	409.0
2	0.17	0.7	321	544	172766	321.0	78.0	14.0	5.0	12.0	6.0	1.0	0.0	3.0	0.0	16.0	6.0	19.11764705882353	1.0	1.0	1.0	299.0	21.074534161490682	3.0	7.25	21.0	406.0
2	0.17	0.71	358	487	139367	358.0	80.0	14.0	5.0	12.0	3.0	1.0	0.0	3.0	0.0	16.0	6.0	25.857142857142858	1.0	1.0	1.0	339.0	19.768802228412255	3.0	7.0	22.0	360.0
2	0.17	0.72	351	480	155473	351.0	78.0	14.0	5.0	12.0	3.0	1.0	0.0	3.0	2.0	16.0	3.0	25.142857142857142	1.0	1.0	2.0	324.0	17.93465909090909	3.0	6.0	19.0	327.0
2	0.17	0.73	363	436	120499	363.0	78.0	14.0	5.0	12.0	4.0	1.0	0.0	3.0	0.0	16.0	5.0	28.0	1.0	1.0	2.0	341.0	18.313186813186814	3.0	6.0	20.0	315.0
2	0.17	0.74	372	389	103729	372.0	78.0	14.0	5.0	12.0	3.0	1.0	0.0	3.0	0.0	16.0	4.0	25.0	1.0	1.0	1.5	352.0	17.664879356568363	3.0	6.0	20.0	336.0
2	0.18	0.65	270	705	261845	270.0	78.0	14.0	5.0	12.0	7.0	1.0	0.0	3.0	2.0	16.0	3.0	22.75	1.0	1.0	1.25	249.0	22.74169741697417	3.0	8.0	23.0	471.0
2	0.18	0.66	248	593	198905	248.0	77.0	14.0	5.0	12.0	6.0	1.0	0.0	3.0	2.0	16.0	3.0	31.0	1.0	1.0	3.5	231.0	22.429718875502008	3.0	8.0	23.0	405.0
2	0.18	0.67	305	667	237025	305.0	77.0	14.0	5.0	12.0	7.0	1.0	0.0	3.0	2.0	16.0	8.0	26.0	1.0	1.0	2.25	284.0	20.607843137254903	3.0	8.0	21.0	442.0
2	0.18	0.68	296	606	205828	296.0	76.0	14.0	5.0	12.0	6.0	1.0	0.0	3.0	2.0	16.0	3.0	29.8	1.0	1.0	1.75	276.0	19.976430976430976	3.0	8.0	21.0	405.0
2	0.18	0.69	299	564	185319	299.0	79.0	14.0	5.0	12.0	7.0	1.0	0.0	3.0	0.0	16.0	4.0	23.53846153846154	1.0	1.0	3.0	277.0	21.83	3.0	8.0	21.0	409.0
2	0.18	0.7	325	561	173975	325.0	77.0	14.0	5.0	12.0	6.0	1.0	0.0	3.0	2.0	16.0	5.0	27.416666666666668	1.0	1.0	1.75	304.0	20.595092024539877	3.0	8.0	23.0	393.0
2	0.18	0.71	302	556	176458	302.0	76.0	14.0	5.0	12.0	7.0	1.0	0.0	3.0	2.0	16.0	3.0	27.90909090909091	1.0	1.0	2.5	283.0	20.57095709570957	3.0	7.0	21.5	380.0
2	0.18	0.72	340	474	138036	340.0	78.0	14.0	5.0	12.0	3.0	1.0	0.0	3.0	2.0	16.0	5.0	31.09090909090909	1.0	1.0	1.0	322.0	20.020527859237536	3.0	7.0	21.0	302.0
2	0.18	0.73	325	392	105221	325.0	78.0	14.0	5.0	12.0	4.0	1.0	0.0	3.0	0.0	16.0	5.0	21.866666666666667	1.0	1.0	1.0	308.0	17.625766871165645	3.0	6.0	19.75	326.0
2	0.18	0.74	358	391	101783	358.0	77.0	14.0	5.0	12.0	6.0	1.0	0.0	3.0	0.0	16.0	5.0	30.083333333333332	1.0	1.0	2.0	338.0	17.35933147632312	3.0	6.0	20.0	293.0
2	0.19	0.65	261	740	286557	261.0	74.0	14.0	2.0	12.0	8.0	1.0	0.0	3.0	2.0	16.0	5.0	24.272727272727273	1.0	1.0	3.0	238.0	21.50763358778626	3.0	8.0	20.0	484.0
2	0.19	0.66	246	672	246664	246.0	79.0	14.0	5.0	12.0	8.0	1.0	0.0	3.0	2.0	16.0	5.0	27.444444444444443	1.0	1.0	2.0	225.0	21.546558704453442	3.0	8.0	21.0	458.0
2	0.19	0.67	291	557	172218	291.0	78.0	14.0	5.0	12.0	7.0	1.0	0.0	3.0	2.0	16.0	6.0	32.666666666666664	1.0	1.0	3.0	273.0	20.263698630136986	3.0	8.0	21.0	353.0
2	0.19	0.68	295	644	220591	295.0	77.0	14.0	5.0	12.0	7.0	1.0	0.0	3.0	2.0	16.0	6.0	37.0	1.0	1.0	4.25	276.0	20.881756756756758	3.0	9.0	22.0	408.0
2	0.19	0.69	294	612	213880	294.0	76.0	14.0	5.0	12.0	6.0	1.0	0.0	3.0	2.0	16.0	3.0	29.6	1.0	1.0	1.0	274.0	22.054237288135592	3.0	8.0	22.0	410.0
2	0.19	0.7	305	570	184413	305.0	77.0	14.0	5.0	12.0	8.0	1.0	0.0	3.0	2.0	16.0	9.0	22.5	1.0	1.0	2.75	282.0	20.96732026143791	3.0	8.0	21.0	424.0
2	0.19	0.71	319	500	152431	319.0	75.0	14.0	5.0	12.0	5.0	1.0	0.0	3.0	2.0	16.0	6.0	32.3	1.0	1.0	2.75	301.0	21.08125	3.0	7.0	22.0	329.0
2	0.19	0.72	319	467	144085	319.0	77.0	14.0	5.0	12.0	6.0	1.0	0.0	3.0	0.0	16.0	7.0	45.857142857142854	1.0	1.0	5.5	306.0	19.88125	3.0	7.0	21.0	343.0
2	0.19	0.73	346	422	116113	346.0	75.0	14.0	5.0	12.0	3.0	1.0	0.0	3.0	2.0	16.0	6.0	43.625	1.0	1.0	3.75	333.0	20.170028818443804	3.0	7.0	21.0	298.0
2	0.19	0.74	362	425	115691	362.0	76.0	14.0	5.0	12.0	6.0	1.0	0.0	3.0	2.0	16.0	5.0	60.5	1.0	1.0	5.75	351.0	18.493112947658403	3.0	7.0	22.0	304.0
2	0.2	0.5	14	1199	720712	14.0	21.0	14.0	0.0	12.0	0.0	1.0	0.0	3.0	0.0	16.0	0.0	4.666666666666667	2.0	2.0	6.0	10.0	103.8	7.0	11.0	62.5	695.0
2	0.2	0.6	213	801	329422	213.0	66.0	14.0	5.0	12.0	4.0	1.0	0.0	3.0	2.0	16.0	5.0	26.875	1.0	1.0	5.5	196.0	21.369158878504674	3.0	9.0	21.0	410.0
2	0.2	0.65	253	691	250101	253.0	67.0	14.0	5.0	12.0	6.0	1.0	0.0	3.0	2.0	16.0	5.0	36.142857142857146	1.0	1.0	6.0	237.0	22.165354330708663	3.0	9.0	22.0	451.0
2	0.2	0.66	231	712	270756	231.0	67.0	14.0	5.0	12.0	4.0	1.0	0.0	3.0	2.0	16.0	3.0	33.42857142857143	1.0	1.0	7.0	216.0	24.788793103448278	3.0	9.0	22.0	490.0
2	0.2	0.67	263	694	251530	263.0	71.0	14.0	5.0	12.0	7.0	1.0	0.0	3.0	2.0	16.0	7.0	38.42857142857143	1.0	1.0	9.0	246.0	22.579545454545453	3.0	9.0	21.0	463.0
2	0.2	0.68	248	640	225337	248.0	72.0	14.0	5.0	12.0	6.0	1.0	0.0	3.0	2.0	16.0	6.0	27.77777777777778	1.0	1.0	2.0	230.0	24.3855421686747	3.0	9.0	21.0	448.0
2	0.2	0.69	252	625	216490	252.0	68.0	14.0	5.0	12.0	3.0	1.0	0.0	3.0	2.0	16.0	7.0	31.875	1.0	1.0	5.0	235.0	23.83399209486166	3.0	9.0	23.0	441.0
2	0.2	0.7	245	526	165721	245.0	70.0	14.0	5.0	12.0	8.0	1.0	0.0	3.0	2.0	16.0	6.0	25.0	1.0	1.0	3.5	230.0	25.21951219512195	3.0	9.0	23.0	398.0
2	0.2	0.71	255	530	162637	255.0	74.0	14.0	5.0	12.0	3.0	1.0	0.0	3.0	2.0	16.0	4.0	17.466666666666665	1.0	1.0	2.5	235.0	25.875	3.0	9.0	27.25	395.0
2	0.2	0.72	264	500	147492	264.0	71.0	14.0	5.0	12.0	4.0	1.0	0.0	3.0	2.0	16.0	5.0	22.0	1.0	1.0	1.0	249.0	24.116981132075473	3.0	10.0	23.0	433.0
2	0.2	0.73	276	441	121693	276.0	66.0	14.0	5.0	12.0	3.0	1.0	0.0	3.0	0.0	16.0	7.0	30.666666666666668	1.0	1.0	2.0	262.0	22.794223826714802	3.0	9.0	24.0	345.0
2	0.2	0.74	292	409	104884	292.0	67.0	14.0	5.0	12.0	4.0	1.0	0.0	3.0	2.0	16.0	5.0	22.46153846153846	1.0	1.0	1.0	278.0	21.208191126279864	3.0	9.0	22.0	370.0
2	0.2	0.8	236	66	28132	236.0	63.0	14.0	5.0	12.0	4.0	1.0	0.0	3.0	0.0	16.0	0.0	59.0	1.0	1.0	59.0	233.0	13.708860759493671	3.0	7.0	13.0	475.0
2	0.2	0.9	227	49	26182	227.0	61.0	14.0	5.0	12.0	4.0	1.0	0.0	3.0	0.0	16.0	0.0	227.0	227.0	227.0	227.0	227.0	12.868421052631579	3.0	6.0	12.0	492.0
2	0.21	0.65	93	770	304720	93.0	61.0	14.0	5.0	12.0	0.0	1.0	0.0	3.0	0.0	16.0	6.0	13.571428571428571	1.0	1.0	7.5	76.0	38.11702127659574	3.0	9.25	33.75	532.0
2	0.21	0.66	101	751	291264	101.0	65.0	14.0	5.0	12.0	6.0	1.0	0.0	3.0	0.0	16.0	5.0	11.777777777777779	1.0	1.0	3.0	84.0	41.26470588235294	3.0	10.0	36.25	521.0
2	0.21	0.67	93	647	230726	93.0	61.0	14.0	5.0	12.0	6.0	1.0	0.0	3.0	0.0	16.0	5.0	19.0	1.0	2.0	13.0	77.0	37.4468085106383	3.0	8.0	33.75	438.0
2	0.21	0.68	109	661	233573	109.0	62.0	14.0	5.0	12.0	5.0	1.0	0.0	3.0	0.0	16.0	9.0	14.375	1.0	1.0	6.25	93.0	39.03636363636364	3.0	9.0	40.0	429.0
2	0.21	0.69	109	573	181549	109.0	64.0	14.0	5.0	12.0	6.0	1.0	0.0	3.0	0.0	16.0	4.0	14.75	1.0	1.0	6.25	96.0	38.35454545454545	3.0	8.0	32.75	416.0
2	0.21	0.7	122	582	183810	122.0	65.0	14.0	5.0	12.0	8.0	1.0	0.0	3.0	0.0	16.0	7.0	17.857142857142858	1.0	1.0	7.5	106.0	33.97560975609756	3.0	8.0	35.0	407.0
2	0.21	0.71	117	499	139833	117.0	67.0	14.0	5.0	12.0	6.0	1.0	0.0	3.0	0.0	16.0	6.0	14.625	1.0	1.0	2.5	104.0	30.559322033898304	1.0	8.0	32.0	442.0
2	0.21	0.72	110	448	119038	110.0	64.0	14.0	5.0	12.0	3.0	1.0	0.0	3.0	2.0	16.0	7.0	18.5	1.0	1.0	4.25	101.0	28.54054054054054	3.0	7.0	24.0	470.0
2	0.21	0.73	120	421	107648	120.0	61.0	14.0	3.0	12.0	0.0	1.0	0.0	3.0	2.0	16.0	8.0	24.0	1.0	1.0	5.0	112.0	28.75206611570248	3.0	7.0	30.0	483.0
2	0.21	0.74	126	260	55960	126.0	65.0	14.0	5.0	12.0	0.0	1.0	0.0	3.0	0.0	16.0	9.0	31.5	1.0	1.0	31.5	123.0	18.96062992125984	3.0	7.0	15.0	508.0
2	0.22	0.65	83	768	304106	83.0	63.0	14.0	2.0	12.0	5.0	1.0	0.0	3.0	0.0	16.0	6.0	14.166666666666666	1.0	1.0	10.25	67.0	44.23809523809524	3.0	11.0	40.25	524.0
2	0.22	0.66	78	746	295230	78.0	67.0	14.0	2.0	12.0	4.0	1.0	0.0	3.0	0.0	16.0	8.0	13.0	1.0	1.0	8.75	62.0	42.78481012658228	3.0	10.0	36.5	551.0
2	0.22	0.67	96	627	212882	96.0	62.0	14.0	5.0	12.0	3.0	1.0	0.0	3.0	2.0	16.0	5.0	16.333333333333332	1.0	1.0	8.75	82.0	38.16494845360825	3.0	8.0	33.0	432.0
2	0.22	0.68	111	597	192979	111.0	65.0	14.0	5.0	12.0	0.0	1.0	0.0	3.0	0.0	16.0	7.0	18.5	1.0	1.0	7.75	97.0	35.535714285714285	3.0	8.75	37.75	421.0
2	0.22	0.69	109	614	204890	109.0	64.0	14.0	2.0	12.0	7.0	1.0	0.0	3.0	2.0	16.0	6.0	18.333333333333332	1.0	1.0	8.5	95.0	37.77272727272727	3.0	9.0	38.0	430.0
2	0.22	0.7	114	560	170911	114.0	65.0	14.0	4.0	12.0	6.0	1.0	0.0	3.0	0.0	16.0	5.0	19.666666666666668	1.0	1.0	8.25	102.0	35.25217391304348	3.0	9.0	34.5	436.0
2	0.22	0.71	109	521	152144	109.0	60.0	14.0	5.0	12.0	8.0	1.0	0.0	3.0	0.0	16.0	5.0	21.8	1.0	1.0	13.0	93.0	30.681818181818183	3.0	8.0	28.75	471.0
2	0.22	0.72	109	433	111346	109.0	59.0	14.0	2.0	12.0	4.0	1.0	0.0	3.0	2.0	16.0	5.0	27.25	1.0	1.0	29.75	101.0	32.31818181818182	3.0	7.25	34.5	503.0
2	0.22	0.73	105	404	108953	105.0	62.0	14.0	5.0	12.0	4.0	1.0	0.0	3.0	0.0	16.0	0.0	15.714285714285714	1.0	1.0	6.5	93.0	29.72641509433962	3.0	7.0	21.0	494.0
2	0.22	0.74	109	209	56495	109.0	63.0	14.0	5.0	12.0	4.0	1.0	0.0	3.0	0.0	16.0	8.0	27.25	1.0	1.0	27.25	106.0	24.1	3.0	6.0	17.75	543.0
2	0.23	0.65	87	748	292826	87.0	61.0	14.0	4.0	12.0	5.0	1.0	0.0	3.0	3.0	16.0	10.0	14.5	1.0	1.0	8.5	72.0	46.05681818181818	3.0	10.75	41.5	522.0
2	0.23	0.66	81	735	281364	81.0	58.0	14.0	2.0	12.0	4.0	1.0	0.0	3.0	3.0	16.0	8.0	16.2	1.0	1.0	10.0	67.0	45.146341463414636	4.0	11.0	40.75	528.0
2	0.23	0.67	90	549	178814	90.0	54.0	14.0	3.0	12.0	6.0	1.0	0.0	3.0	0.0	16.0	0.0	18.0	1.0	1.0	6.0	81.0	34.42857142857143	3.0	8.0	32.0	459.0
2	0.23	0.68	92	644	223747	92.0	60.0	14.0	5.0	12.0	4.0	1.0	0.0	3.0	0.0	16.0	7.0	13.428571428571429	1.0	1.0	4.5	81.0	42.236559139784944	4.0	9.0	36.0	486.0
2	0.23	0.69	95	572	186698	95.0	63.0	14.0	5.0	12.0	4.0	1.0	0.0	3.0	2.0	16.0	9.0	16.0	1.0	1.0	5.25	84.0	41.385416666666664	4.0	9.0	36.0	446.0
2	0.23	0.7	97	554	183425	97.0	61.0	14.0	5.0	12.0	4.0	1.0	0.0	3.0	0.0	16.0	4.0	12.5	1.0	1.0	3.25	86.0	41.755102040816325	4.0	8.25	38.0	451.0
2	0.23	0.71	95	439	114836	95.0	61.0	14.0	2.0	12.0	5.0	1.0	0.0	3.0	0.0	16.0	5.0	23.75	1.0	1.0	25.75	88.0	32.520833333333336	4.0	8.0	28.25	518.0
2	0.23	0.72	97	438	111354	97.0	58.0	14.0	5.0	12.0	4.0	1.0	0.0	3.0	0.0	16.0	7.0	24.25	1.0	1.0	25.75	91.0	31.051020408163264	4.0	7.0	28.75	514.0
2	0.23	0.73	108	410	102621	108.0	60.0	14.0	5.0	12.0	5.0	1.0	0.0	3.0	2.0	16.0	9.0	18.333333333333332	1.0	1.0	5.0	99.0	33.22935779816514	4.0	7.0	31.0	531.0
2	0.23	0.74	114	235	52789	114.0	61.0	14.0	5.0	12.0	4.0	1.0	0.0	3.0	0.0	16.0	8.0	28.75	1.0	1.0	28.75	112.0	23.704347826086956	3.0	7.0	17.5	550.0
2	0.24	0.65	54	774	306829	54.0	52.0	14.0	2.0	12.0	0.0	1.0	0.0	3.0	0.0	16.0	6.0	27.0	13.0	20.0	34.0	41.0	44.50909090909091	4.0	10.0	37.5	518.0
2	0.24	0.66	63	751	291618	63.0	57.0	14.0	2.0	12.0	0.0	1.0	0.0	3.0	0.0	16.0	0.0	11.333333333333334	1.0	1.5	8.0	49.0	52.03125	4.0	10.0	51.75	560.0
2	0.24	0.67	62	674	235092	62.0	59.0	14.0	2.0	12.0	0.0	1.0	0.0	3.0	0.0	16.0	6.0	20.666666666666668	1.0	5.5	30.5	51.0	38.20634920634921	4.0	8.0	32.5	468.0
2	0.24	0.68	65	595	197714	65.0	56.0	14.0	2.0	12.0	0.0	1.0	0.0	3.0	0.0	16.0	8.0	16.25	1.0	1.0	20.25	54.0	43.54545454545455	4.0	8.0	37.75	470.0
2	0.24	0.69	69	561	188509	69.0	58.0	14.0	2.0	12.0	0.0	1.0	0.0	3.0	0.0	16.0	6.0	14.0	1.0	1.0	9.0	57.0	43.18571428571428	4.0	8.0	34.5	476.0
2	0.24	0.7	62	511	148830	62.0	57.0	14.0	2.0	12.0	0.0	1.0	0.0	3.0	0.0	16.0	0.0	15.75	1.0	1.0	17.75	56.0	44.285714285714285	4.0	8.0	32.5	506.0
2	0.24	0.71	75	475	128453	75.0	56.0	14.0	2.0	12.0	3.0	1.0	0.0	3.0	0.0	16.0	0.0	15.0	1.0	1.0	7.0	65.0	34.3421052631579	4.0	8.0	36.0	529.0
2	0.24	0.72	73	490	133316	73.0	59.0	14.0	3.0	12.0	0.0	1.0	0.0	3.0	2.0	16.0	0.0	18.25	1.0	1.0	21.75	63.0	33.432432432432435	4.0	7.0	32.5	546.0
2	0.24	0.73	80	269	57956	80.0	57.0	14.0	2.0	12.0	0.0	1.0	0.0	3.0	0.0	16.0	9.0	20.0	1.0	1.0	20.0	77.0	27.65432098765432	4.0	6.0	15.0	613.0
2	0.24	0.74	77	274	57966	77.0	55.0	14.0	2.0	12.0	0.0	1.0	0.0	3.0	0.0	16.0	0.0	25.666666666666668	1.0	1.0	38.0	75.0	24.192307692307693	3.0	6.0	15.0	623.0
2	0.3	0.5	8	1182	698905	8.0	17.0	14.0	0.0	12.0	0.0	1.0	0.0	3.0	0.0	16.0	0.0	2.6666666666666665	1.0	1.0	3.5	6.0	171.66666666666666	29.0	44.0	112.0	922.0
2	0.3	0.6	43	648	239793	43.0	54.0	14.0	3.0	12.0	5.0	1.0	0.0	3.0	2.0	16.0	5.0	10.75	1.0	1.0	14.25	33.0	60.47727272727273	4.0	10.0	45.5	479.0
2	0.3	0.7	47	553	167665	47.0	54.0	14.0	0.0	12.0	5.0	1.0	0.0	3.0	2.0	16.0	4.0	9.4	1.0	1.0	3.0	40.0	58.354166666666664	6.0	11.75	52.25	558.0
2	0.3	0.8	54	49	26231	54.0	51.0	14.0	0.0	12.0	0.0	1.0	0.0	3.0	0.0	16.0	0.0	54.0	54.0	54.0	54.0	54.0	27.89090909090909	4.0	7.0	15.0	798.0
2	0.3	0.9	57	49	26091	57.0	50.0	14.0	0.0	12.0	0.0	1.0	0.0	3.0	0.0	16.0	0.0	57.0	57.0	57.0	57.0	57.0	27.879310344827587	4.0	7.25	18.0	806.0
2	0.4	0.5	5	1197	719391	5.0	20.0	14.0	0.0	12.0	0.0	1.0	0.0	3.0	0.0	16.0	0.0	2.5	2.0	2.25	2.75	3.0	278.5	50.0	59.5	235.5	1093.0
2	0.4	0.6	32	900	409945	32.0	41.0	14.0	2.0	12.0	0.0	1.0	0.0	3.0	0.0	16.0	0.0	8.0	1.0	1.0	11.5	22.0	69.0909090909091	6.0	21.0	56.0	728.0
2	0.4	0.7	46	601	193867	46.0	56.0	14.0	0.0	12.0	0.0	1.0	0.0	3.0	0.0	16.0	4.0	15.333333333333334	1.0	3.5	22.5	39.0	55.148936170212764	6.0	12.0	49.5	534.0
2	0.4	0.8	43	49	26188	43.0	47.0	14.0	0.0	12.0	0.0	1.0	0.0	3.0	0.0	16.0	0.0	43.0	43.0	43.0	43.0	43.0	33.84090909090909	4.0	8.0	15.0	866.0
2	0.4	0.9	46	49	26092	46.0	47.0	14.0	0.0	12.0	0.0	1.0	0.0	3.0	0.0	16.0	0.0	46.0	46.0	46.0	46.0	46.0	32.808510638297875	4.0	8.0	17.5	865.0
2	0.5	0.5	5	1228	754065	5.0	20.0	14.0	0.0	12.0	4.0	1.0	0.0	3.0	0.0	16.0	0.0	2.5	2.0	2.25	2.75	3.0	239.83333333333334	48.0	51.25	87.5	1124.0
2	0.5	0.6	25	978	483008	25.0	35.0	14.0	5.0	12.0	0.0	1.0	0.0	3.0	0.0	16.0	9.0	12.5	6.0	9.25	15.75	19.0	93.84615384615384	10.0	23.75	84.75	833.0
2	0.5	0.7	21	561	171835	21.0	51.0	14.0	0.0	12.0	0.0	1.0	0.0	3.0	0.0	16.0	0.0	10.5	1.0	5.75	15.25	20.0	103.5	10.0	15.0	100.0	599.0
2	0.5	0.8	21	49	26207	21.0	44.0	14.0	0.0	12.0	0.0	1.0	0.0	3.0	0.0	16.0	0.0	21.0	21.0	21.0	21.0	21.0	62.0	7.0	10.25	27.0	950.0
2	0.5	0.9	23	49	26083	23.0	44.0	14.0	0.0	12.0	0.0	1.0	0.0	3.0	0.0	16.0	0.0	23.0	23.0	23.0	23.0	23.0	58.916666666666664	7.0	10.75	28.5	960.0
2	0.6	0.5	2	55	425395	2.0	20.0	14.0	0.0	12.0	0.0	1.0	0.0	3.0	0.0	16.0	0.0	2.0	2.0	2.0	2.0	2.0	428.0	50.0	52.5	617.0	1179.0
2	0.6	0.6	17	989	494213	17.0	32.0	14.0	0.0	12.0	0.0	1.0	0.0	3.0	0.0	16.0	0.0	5.666666666666667	1.0	3.0	8.0	11.0	114.22222222222223	10.0	30.0	80.5	853.0
2	0.6	0.7	12	50	37226	12.0	28.0	14.0	0.0	12.0	0.0	1.0	0.0	3.0	0.0	16.0	0.0	12.0	12.0	12.0	12.0	12.0	101.0	10.0	11.0	29.0	1079.0
2	0.6	0.8	17	49	26221	17.0	29.0	14.0	2.0	12.0	0.0	1.0	0.0	3.0	0.0	16.0	0.0	17.0	17.0	17.0	17.0	17.0	75.66666666666667	10.0	12.0	32.0	995.0
2	0.6	0.9	18	49	26092	18.0	40.0	14.0	2.0	12.0	2.0	1.0	0.0	3.0	0.0	16.0	0.0	18.0	18.0	18.0	18.0	18.0	71.6842105263158	10.0	12.0	29.0	996.0
2	0.7	0.5	2	55	655453	2.0	20.0	14.0	0.0	12.0	0.0	1.0	0.0	3.0	0.0	16.0	0.0	2.0	2.0	2.0	2.0	2.0	428.0	50.0	52.5	617.0	1179.0
2	0.7	0.6	11	982	489465	11.0	37.0	14.0	0.0	12.0	0.0	1.0	0.0	3.0	0.0	16.0	7.0	5.5	3.0	4.25	6.75	8.0	187.75	22.0	59.0	221.5	881.0
2	0.7	0.7	10	577	183012	10.0	44.0	14.0	0.0	12.0	0.0	1.0	0.0	3.0	0.0	16.0	0.0	5.0	2.0	3.5	6.5	8.0	174.8181818181818	10.0	40.0	192.5	668.0
2	0.7	0.8	15	49	26190	15.0	28.0	14.0	2.0	12.0	0.0	1.0	0.0	3.0	0.0	16.0	0.0	15.0	15.0	15.0	15.0	15.0	83.0	10.0	11.75	30.0	1030.0
2	0.7	0.9	16	49	26022	16.0	39.0	14.0	2.0	12.0	2.0	1.0	0.0	3.0	0.0	16.0	0.0	16.0	16.0	16.0	16.0	16.0	78.23529411764706	10.0	12.0	28.0	1019.0
2	0.8	0.5	1	50	673573	1.0	10.0	14.0	0.0	12.0	0.0	1.0	0.0	3.0	0.0	16.0	0.0	1.0	1.0	1.0	1.0	1.0	641.5	50.0	345.75	937.25	1233.0
2	0.8	0.6	6	978	484141	6.0	40.0	14.0	0.0	12.0	0.0	1.0	0.0	3.0	0.0	16.0	7.0	3.0	2.0	2.5	3.5	4.0	256.85714285714283	33.0	96.5	254.5	896.0
2	0.8	0.7	10	50	37292	10.0	28.0	14.0	0.0	12.0	0.0	1.0	0.0	3.0	0.0	16.0	0.0	10.0	10.0	10.0	10.0	10.0	118.54545454545455	10.0	11.5	31.0	1095.0
2	0.8	0.8	13	49	26190	13.0	28.0	14.0	0.0	12.0	0.0	1.0	0.0	3.0	0.0	16.0	0.0	13.0	13.0	13.0	13.0	13.0	93.85714285714286	10.0	11.25	32.0	1043.0
2	0.8	0.9	14	49	26022	14.0	39.0	14.0	0.0	12.0	2.0	1.0	0.0	3.0	0.0	16.0	0.0	14.0	14.0	14.0	14.0	14.0	87.73333333333333	10.0	11.5	30.5	1032.0
2	0.9	0.5	1	50	585785	1.0	10.0	14.0	0.0	12.0	0.0	1.0	0.0	3.0	0.0	16.0	0.0	1.0	1.0	1.0	1.0	1.0	641.5	50.0	345.75	937.25	1233.0
2	0.9	0.6	4	50	77729	4.0	20.0	14.0	2.0	12.0	0.0	1.0	0.0	3.0	0.0	16.0	0.0	4.0	4.0	4.0	4.0	4.0	257.0	10.0	12.0	50.0	1180.0
2	0.9	0.7	6	50	59250	6.0	20.0	14.0	0.0	12.0	0.0	1.0	0.0	3.0	0.0	16.0	0.0	6.0	6.0	6.0	6.0	6.0	184.14285714285714	10.0	11.0	41.5	1157.0
2	0.9	0.8	13	49	26191	13.0	22.0	14.0	0.0	12.0	0.0	1.0	0.0	3.0	0.0	16.0	0.0	13.0	13.0	13.0	13.0	13.0	94.42857142857143	10.0	11.25	32.0	1051.0
2	0.9	0.9	14	49	26022	14.0	35.0	14.0	0.0	12.0	2.0	1.0	0.0	3.0	0.0	16.0	0.0	14.0	14.0	14.0	14.0	14.0	88.26666666666667	10.0	11.5	30.5	1040.0
4	0.1	0.5	138	1450	1052932	138.0	29.0	14.0	5.0	12.0	0.0	1.0	0.0	3.0	0.0	16.0	0.0	27.8	1.0	1.0	9.0	119.0	18.237410071942445	2.0	2.0	9.0	882.0
4	0.1	0.6	500	894	413873	500.0	83.0	14.0	5.0	12.0	5.0	1.0	0.0	3.0	0.0	16.0	3.0	13.972222222222221	1.0	1.0	1.25	443.0	14.431137724550899	1.0	4.0	13.0	272.0
4	0.1	0.7	908	610	206690	908.0	81.0	14.0	4.0	12.0	6.0	1.0	0.0	3.0	2.0	16.0	3.0	19.595744680851062	1.0	1.0	1.0	831.0	11.45984598459846	1.0	4.0	12.0	251.0
4	0.1	0.8	1583	105	39944	1583.0	86.0	14.0	5.0	12.0	4.0	1.0	0.0	3.0	2.0	16.0	5.0	79.15	1.0	1.0	1.0	1564.0	7.816919191919192	1.0	4.0	9.0	105.0
4	0.1	0.9	1735	77	33259	1735.0	86.0	14.0	5.0	12.0	2.0	1.0	0.0	3.0	2.0	16.0	2.0	123.92857142857143	1.0	1.0	1.0	1722.0	6.86463133640553	1.0	4.0	8.0	77.0
4	0.15	0.65	422	668	246145	422.0	78.0	14.0	5.0	12.0	0.0	1.0	0.0	3.0	2.0	16.0	3.0	32.53846153846154	1.0	1.0	3.0	396.0	16.48936170212766	2.0	4.0	18.0	276.0
4	0.15	0.66	436	524	171407	436.0	79.0	14.0	2.0	12.0	4.0	1.0	0.0	3.0	2.0	16.0	7.0	24.333333333333332	1.0	1.0	1.75	414.0	15.990846681922196	2.0	4.0	19.0	314.0
4	0.15	0.67	456	592	198400	456.0	79.0	14.0	5.0	12.0	4.0	1.0	0.0	3.0	2.0	16.0	5.0	30.666666666666668	1.0	1.0	1.0	430.0	14.597374179431073	2.0	4.0	17.0	396.0
4	0.15	0.68	453	531	166747	453.0	79.0	14.0	5.0	12.0	4.0	1.0	0.0	3.0	0.0	16.0	6.0	25.38888888888889	1.0	1.0	1.0	428.0	15.47136563876652	2.0	4.0	17.0	385.0
4	0.15	0.69	451	588	199201	451.0	79.0	14.0	5.0	12.0	7.0	1.0	0.0	3.0	2.0	16.0	4.0	28.375	1.0	1.0	1.0	423.0	15.006637168141593	2.0	5.0	18.0	396.0
4	0.15	0.7	472	563	186180	472.0	80.0	14.0	3.0	12.0	3.0	1.0	0.0	3.0	2.0	16.0	5.0	30.25	1.0	1.0	1.0	445.0	16.437632135306554	2.0	5.0	17.0	361.0
4	0.15	0.71	491	491	150830	491.0	81.0	14.0	2.0	12.0	4.0	1.0	0.0	3.0	0.0	16.0	9.0	30.75	1.0	1.0	1.0	461.0	15.028455284552846	2.0	5.0	17.0	338.0
4	0.15	0.72	497	462	137517	497.0	79.0	14.0	5.0	12.0	3.0	1.0	0.0	3.0	2.0	16.0	3.0	31.9375	1.0	1.0	3.25	465.0	14.572289156626505	2.0	5.0	16.0	273.0
4	0.15	0.73	554	420	116082	554.0	79.0	14.0	4.0	12.0	3.0	1.0	0.0	3.0	0.0	16.0	6.0	40.0	1.0	1.0	2.75	528.0	13.944144144144143	2.0	5.0	16.0	318.0
4	0.15	0.74	518	385	112124	518.0	78.0	14.0	5.0	12.0	3.0	1.0	0.0	3.0	0.0	16.0	9.0	37.92857142857143	1.0	1.0	3.0	493.0	13.936416184971097	2.0	5.0	14.5	301.0
4	0.16	0.65	423	681	248174	423.0	77.0	14.0	5.0	12.0	5.0	1.0	0.0	3.0	2.0	16.0	3.0	35.333333333333336	1.0	1.0	2.0	400.0	16.212264150943398	2.0	4.0	19.0	319.0
4	0.16	0.66	418	662	242052	418.0	76.0	14.0	5.0	12.0	3.0	1.0	0.0	3.0	0.0	16.0	7.0	29.928571428571427	1.0	1.0	1.75	391.0	15.842482100238664	2.0	4.5	18.0	370.0
4	0.16	0.67	452	620	216192	452.0	77.0	14.0	3.0	12.0	6.0	1.0	0.0	3.0	0.0	16.0	6.0	45.9	1.0	1.0	5.75	430.0	16.258278145695364	2.0	5.0	17.0	428.0
4	0.16	0.68	449	624	213173	449.0	79.0	14.0	5.0	12.0	6.0	1.0	0.0	3.0	2.0	16.0	8.0	37.916666666666664	1.0	1.0	2.25	427.0	16.022222222222222	2.0	5.0	18.0	410.0
4	0.16	0.69	451	536	170923	451.0	79.0	14.0	5.0	12.0	4.0	1.0	0.0	3.0	2.0	16.0	7.0	34.92307692307692	1.0	1.0	2.0	432.0	15.935840707964601	2.0	5.0	18.0	420.0
4	0.16	0.7	471	550	178999	471.0	79.0	14.0	3.0	12.0	6.0	1.0	0.0	3.0	2.0	16.0	8.0	43.09090909090909	1.0	1.0	2.0	451.0	16.396186440677965	2.0	5.0	17.25	403.0
4	0.16	0.71	468	529	169067	468.0	80.0	14.0	5.0	12.0	3.0	1.0	0.0	3.0	2.0	16.0	6.0	36.23076923076923	1.0	1.0	3.0	445.0	16.929637526652453	2.0	5.0	19.0	396.0
4	0.16	0.72	482	452	132489	482.0	79.0	14.0	5.0	12.0	5.0	1.0	0.0	3.0	2.0	16.0	4.0	44.09090909090909	1.0	1.0	1.5	465.0	15.830227743271221	2.0	5.0	17.0	358.0
4	0.16	0.73	504	441	123424	504.0	81.0	14.0	5.0	12.0	0.0	1.0	0.0	3.0	2.0	16.0	5.0	38.84615384615385	1.0	1.0	1.0	482.0	14.742574257425742	2.0	5.0	18.0	281.0
4	0.16	0.74	521	382	101395	521.0	80.0	14.0	5.0	12.0	3.0	1.0	0.0	3.0	2.0	16.0	9.0	52.2	1.0	1.0	2.0	506.0	14.760536398467433	2.0	5.0	18.0	324.0
4	0.17	0.65	411	633	222544	411.0	77.0	14.0	5.0	12.0	4.0	1.0	0.0	3.0	2.0	16.0	5.0	34.416666666666664	1.0	1.0	1.5	389.0	16.521844660194176	2.0	5.0	19.0	437.0
4	0.17	0.66	390	627	221318	390.0	77.0	14.0	5.0	12.0	4.0	1.0	0.0	3.0	0.0	16.0	6.0	27.928571428571427	1.0	1.0	1.0	368.0	16.82608695652174	2.0	5.0	18.0	442.0
4	0.17	0.67	398	567	189778	398.0	75.0	14.0	5.0	12.0	4.0	1.0	0.0	3.0	2.0	16.0	7.0	39.8	1.0	1.0	2.5	374.0	16.654135338345863	2.0	5.0	18.0	329.0
4	0.17	0.68	416	673	245881	416.0	78.0	14.0	5.0	12.0	6.0	1.0	0.0	3.0	2.0	16.0	8.0	38.54545454545455	1.0	1.0	3.5	392.0	17.20863309352518	2.0	5.0	18.0	462.0
4	0.17	0.69	436	590	200347	436.0	81.0	14.0	5.0	12.0	4.0	1.0	0.0	3.0	2.0	16.0	5.0	39.81818181818182	1.0	1.0	2.0	413.0	16.022883295194507	2.0	5.0	19.0	426.0
4	0.17	0.7	437	538	172397	437.0	76.0	14.0	3.0	12.0	3.0	1.0	0.0	3.0	2.0	16.0	6.0	39.81818181818182	1.0	1.0	1.0	417.0	16.04337899543379	2.0	5.0	18.75	381.0
4	0.17	0.71	443	511	161673	443.0	79.0	14.0	4.0	12.0	4.0	1.0	0.0	3.0	0.0	16.0	6.0	36.916666666666664	1.0	1.0	1.25	424.0	17.26801801801802	2.0	5.0	18.0	389.0
4	0.17	0.72	448	501	152078	448.0	78.0	14.0	5.0	12.0	6.0	1.0	0.0	3.0	2.0	16.0	5.0	49.888888888888886	1.0	1.0	1.0	428.0	15.888641425389755	2.0	5.0	18.0	309.0
4	0.17	0.73	457	419	127501	457.0	76.0	14.0	5.0	12.0	3.0	1.0	0.0	3.0	0.0	16.0	9.0	38.333333333333336	1.0	1.0	3.75	435.0	15.403930131004367	2.0	5.0	17.0	346.0
4	0.17	0.74	458	382	106641	458.0	77.0	14.0	5.0	12.0	3.0	1.0	0.0	3.0	2.0	16.0	9.0	38.416666666666664	1.0	1.0	2.0	442.0	15.542483660130719	2.0	5.0	16.0	319.0
4	0.18	0.65	394	664	239018	394.0	76.0	14.0	5.0	12.0	3.0	1.0	0.0	3.0	2.0	16.0	5.0	35.90909090909091	1.0	1.0	1.0	373.0	16.860759493670887	2.0	5.0	19.0	412.0
4	0.18	0.66	387	620	219216	387.0	76.0	14.0	5.0	12.0	5.0	1.0	0.0	3.0	2.0	16.0	5.0	29.846153846153847	1.0	1.0	2.0	365.0	16.850515463917525	2.0	5.0	20.0	438.0
4	0.18	0.67	403	604	207650	403.0	79.0	14.0	4.0	12.0	6.0	1.0	0.0	3.0	2.0	16.0	3.0	31.153846153846153	1.0	1.0	1.0	379.0	16.975247524752476	2.0	5.0	19.0	399.0
4	0.18	0.68	397	583	201186	397.0	78.0	14.0	5.0	12.0	6.0	1.0	0.0	3.0	2.0	16.0	4.0	22.5	1.0	1.0	2.0	371.0	17.695979899497488	2.0	5.0	17.0	437.0
4	0.18	0.69	408	575	192236	408.0	79.0	14.0	5.0	12.0	5.0	1.0	0.0	3.0	2.0	16.0	7.0	31.53846153846154	1.0	1.0	2.0	385.0	17.579462102689487	2.0	5.0	19.0	419.0
4	0.18	0.7	429	565	189097	429.0	79.0	14.0	5.0	12.0	4.0	1.0	0.0	3.0	2.0	16.0	6.0	31.071428571428573	1.0	1.0	1.75	406.0	16.753488372093024	2.0	5.0	19.0	417.0
4	0.18	0.71	437	601	200289	437.0	78.0	14.0	5.0	12.0	4.0	1.0	0.0	3.0	2.0	16.0	4.0	36.666666666666664	1.0	1.0	1.5	415.0	16.689497716894977	2.0	5.25	20.0	412.0
4	0.18	0.72	469	504	151570	469.0	79.0	14.0	5.0	12.0	3.0	1.0	0.0	3.0	2.0	16.0	9.0	36.30769230769231	1.0	1.0	1.0	448.0	16.391489361702128	2.0	6.0	19.75	324.0
4	0.18	0.73	451	452	129139	451.0	78.0	14.0	5.0	12.0	5.0	1.0	0.0	3.0	2.0	16.0	3.0	41.27272727272727	1.0	1.0	2.0	434.0	15.506637168141593	2.0	5.0	19.0	325.0
4	0.18	0.74	484	426	115215	484.0	76.0	14.0	5.0	12.0	3.0	1.0	0.0	3.0	2.0	16.0	3.0	54.111111111111114	1.0	1.0	2.0	469.0	15.463917525773196	2.0	6.0	20.0	328.0
4	0.19	0.65	388	624	226825	388.0	76.0	14.0	5.0	12.0	3.0	1.0	0.0	3.0	2.0	16.0	5.0	30.076923076923077	1.0	1.0	1.0	368.0	17.640102827763496	2.0	5.0	20.0	439.0
4	0.19	0.66	370	655	241804	370.0	76.0	14.0	5.0	12.0	8.0	1.0	0.0	3.0	2.0	16.0	5.0	52.857142857142854	1.0	1.0	7.0	352.0	17.552560646900268	2.0	5.0	18.0	465.0
4	0.19	0.67	394	524	167486	394.0	78.0	14.0	5.0	12.0	3.0	1.0	0.0	3.0	2.0	16.0	5.0	39.6	1.0	1.0	2.0	375.0	16.827848101265822	2.0	5.0	19.0	353.0
4	0.19	0.68	398	608	210478	398.0	78.0	14.0	5.0	12.0	7.0	1.0	0.0	3.0	2.0	16.0	5.0	44.44444444444444	1.0	1.0	2.0	378.0	16.473684210526315	2.0	5.0	18.0	404.0
4	0.19	0.69	397	613	216998	397.0	81.0	14.0	5.0	12.0	7.0	1.0	0.0	3.0	2.0	16.0	8.0	33.833333333333336	1.0	1.0	3.25	377.0	17.99497487437186	2.0	5.0	19.0	420.0
4	0.19	0.7	407	568	190249	407.0	77.0	14.0	3.0	12.0	4.0	1.0	0.0	3.0	2.0	16.0	7.0	31.53846153846154	1.0	1.0	1.0	387.0	17.29901960784314	2.0	5.0	19.25	427.0
4	0.19	0.71	418	519	166564	418.0	77.0	14.0	4.0	12.0	7.0	1.0	0.0	3.0	2.0	16.0	6.0	46.666666666666664	1.0	1.0	2.0	401.0	17.618138424821	2.0	6.0	18.0	343.0
4	0.19	0.72	437	458	137516	437.0	76.0	14.0	5.0	12.0	3.0	1.0	0.0	3.0	2.0	16.0	8.0	48.55555555555556	1.0	1.0	2.0	420.0	16.929223744292237	2.0	6.0	19.0	311.0
4	0.19	0.73	489	413	111603	489.0	78.0	14.0	5.0	12.0	3.0	1.0	0.0	3.0	0.0	16.0	7.0	54.666666666666664	1.0	1.0	1.0	477.0	16.420408163265307	2.0	6.0	20.0	335.0
4	0.19	0.74	469	412	111538	469.0	79.0	14.0	5.0	12.0	3.0	1.0	0.0	3.0	2.0	16.0	4.0	52.44444444444444	1.0	1.0	2.0	456.0	15.729787234042552	2.0	6.0	18.75	304.0
4	0.2	0.5	18	1411	995353	18.0	20.0	14.0	0.0	12.0	2.0	1.0	0.0	3.0	0.0	16.0	0.0	4.5	1.0	1.75	4.75	13.0	96.73684210526316	5.0	8.5	49.5	890.0
4	0.2	0.6	212	902	416490	212.0	68.0	14.0	5.0	12.0	3.0	1.0	0.0	3.0	2.0	16.0	4.0	17.666666666666668	1.0	1.0	1.75	191.0	23.164319248826292	3.0	8.0	22.0	427.0
4	0.2	0.65	270	783	317044	270.0	67.0	14.0	4.0	12.0	6.0	1.0	0.0	3.0	3.0	16.0	7.0	24.636363636363637	1.0	1.0	2.0	249.0	22.435424354243544	3.0	9.0	22.0	517.0
4	0.2	0.66	267	613	215519	267.0	70.0	14.0	5.0	12.0	5.0	1.0	0.0	3.0	0.0	16.0	6.0	26.9	1.0	1.0	2.5	249.0	25.134328358208954	3.0	9.0	25.0	572.0
4	0.2	0.67	254	635	225234	254.0	71.0	14.0	5.0	12.0	4.0	1.0	0.0	3.0	2.0	16.0	6.0	36.42857142857143	1.0	1.0	8.0	234.0	22.5921568627451	3.0	8.0	19.0	560.0
4	0.2	0.68	271	631	221499	271.0	68.0	14.0	5.0	12.0	6.0	1.0	0.0	3.0	2.0	16.0	3.0	30.666666666666668	1.0	1.0	4.0	250.0	23.5	3.0	8.0	21.0	554.0
4	0.2	0.69	278	583	194875	278.0	66.0	14.0	3.0	12.0	4.0	1.0	0.0	3.0	2.0	16.0	5.0	39.714285714285715	1.0	1.0	7.0	260.0	23.21505376344086	3.0	8.0	22.0	566.0
4	0.2	0.7	272	592	201644	272.0	73.0	14.0	5.0	12.0	7.0	1.0	0.0	3.0	2.0	16.0	9.0	27.4	1.0	1.0	1.75	251.0	24.967032967032967	3.0	8.0	22.0	575.0
4	0.2	0.71	283	568	184519	283.0	71.0	14.0	5.0	12.0	3.0	1.0	0.0	3.0	2.0	16.0	3.0	35.875	1.0	1.0	4.5	267.0	23.93661971830986	3.0	8.0	22.0	576.0
4	0.2	0.72	280	515	157088	280.0	67.0	14.0	5.0	12.0	5.0	1.0	0.0	3.0	2.0	16.0	6.0	46.666666666666664	1.0	1.0	5.75	268.0	24.693950177935942	3.0	9.0	23.0	622.0
4	0.2	0.73	280	427	120280	280.0	69.0	14.0	5.0	12.0	3.0	1.0	0.0	3.0	2.0	16.0	3.0	56.0	1.0	1.0	6.0	269.0	23.384341637010674	3.0	8.0	23.0	654.0
4	0.2	0.74	311	389	100786	311.0	67.0	14.0	3.0	12.0	4.0	1.0	0.0	3.0	2.0	16.0	3.0	28.454545454545453	1.0	1.0	1.5	301.0	22.25	3.0	9.0	23.0	660.0
4	0.2	0.8	262	89	32040	262.0	65.0	14.0	5.0	12.0	2.0	1.0	0.0	3.0	0.0	16.0	0.0	87.33333333333333	1.0	1.0	130.5	260.0	14.657794676806084	3.0	6.0	13.0	759.0
4	0.2	0.9	258	79	29639	258.0	63.0	14.0	5.0	12.0	4.0	1.0	0.0	3.0	0.0	16.0	0.0	258.0	258.0	258.0	258.0	258.0	13.961389961389962	3.0	6.0	12.0	774.0
4	0.21	0.65	128	747	296737	128.0	65.0	14.0	2.0	12.0	7.0	1.0	0.0	3.0	0.0	16.0	4.0	32.0	1.0	1.0	36.5	116.0	37.82945736434109	3.0	8.0	33.0	638.0
4	0.21	0.66	121	745	290143	121.0	60.0	14.0	2.0	12.0	10.0	1.0	0.0	3.0	0.0	16.0	6.0	24.2	1.0	1.0	11.0	107.0	33.24590163934426	3.0	8.0	32.75	656.0
4	0.21	0.67	112	607	210496	112.0	62.0	14.0	2.0	12.0	6.0	1.0	0.0	3.0	0.0	16.0	5.0	28.75	2.0	2.75	33.0	99.0	37.10619469026549	3.0	6.0	28.0	721.0
4	0.21	0.68	122	619	208945	122.0	62.0	14.0	2.0	12.0	6.0	1.0	0.0	3.0	0.0	16.0	9.0	24.6	1.0	1.0	12.0	107.0	32.43089430894309	3.0	7.0	29.0	700.0
4	0.21	0.69	126	575	184033	126.0	63.0	14.0	2.0	12.0	7.0	1.0	0.0	3.0	2.0	16.0	7.0	21.333333333333332	1.0	1.0	7.25	114.0	32.488188976377955	3.0	7.0	28.0	708.0
4	0.21	0.7	129	594	194264	129.0	63.0	14.0	2.0	12.0	3.0	1.0	0.0	3.0	0.0	16.0	9.0	33.5	2.0	3.5	38.0	116.0	37.00769230769231	3.0	7.0	31.75	711.0
4	0.21	0.71	133	492	146600	133.0	62.0	14.0	2.0	12.0	0.0	1.0	0.0	3.0	0.0	16.0	8.0	20.0	1.0	1.5	7.5	118.0	31.0	3.0	7.0	29.0	736.0
4	0.21	0.72	136	441	117364	136.0	64.0	14.0	2.0	12.0	4.0	1.0	0.0	3.0	2.0	16.0	7.0	34.0	1.0	1.0	36.0	129.0	26.51824817518248	3.0	6.0	23.0	766.0
4	0.21	0.73	144	394	103233	144.0	60.0	14.0	3.0	12.0	0.0	1.0	0.0	3.0	0.0	16.0	9.0	20.714285714285715	1.0	1.0	3.0	135.0	27.220689655172414	3.0	6.0	23.0	772.0
4	0.21	0.74	138	269	66538	138.0	62.0	14.0	2.0	12.0	3.0	1.0	0.0	3.0	0.0	16.0	6.0	34.5	1.0	1.0	34.5	135.0	22.25179856115108	3.0	6.0	15.0	804.0
4	0.22	0.65	97	761	321430	97.0	56.0	14.0	2.0	12.0	10.0	1.0	0.0	3.0	0.0	16.0	4.0	14.285714285714286	1.0	1.0	7.0	81.0	40.3469387755102	3.0	8.0	29.0	665.0
4	0.22	0.66	107	758	301465	107.0	64.0	14.0	2.0	12.0	0.0	1.0	0.0	3.0	0.0	16.0	4.0	12.0	1.0	1.0	2.0	89.0	41.26851851851852	3.0	8.0	33.75	672.0
4	0.22	0.67	110	658	238451	110.0	56.0	14.0	2.0	12.0	7.0	1.0	0.0	3.0	2.0	16.0	6.0	37.333333333333336	3.0	8.5	54.5	95.0	36.072072072072075	3.0	7.0	30.5	710.0
4	0.22	0.68	116	652	235385	116.0	58.0	14.0	2.0	12.0	6.0	1.0	0.0	3.0	2.0	16.0	6.0	20.0	1.0	1.25	10.5	100.0	35.24786324786325	3.0	8.0	31.0	703.0
4	0.22	0.69	134	608	206808	134.0	63.0	14.0	2.0	12.0	8.0	1.0	0.0	3.0	0.0	16.0	6.0	15.666666666666666	1.0	1.0	4.0	120.0	39.525925925925925	3.0	8.0	34.0	700.0
4	0.22	0.7	134	582	187676	134.0	64.0	14.0	2.0	12.0	6.0	1.0	0.0	3.0	0.0	16.0	8.0	28.0	1.0	2.0	9.0	123.0	37.97037037037037	3.0	8.0	32.5	739.0
4	0.22	0.71	120	487	143620	120.0	59.0	14.0	2.0	12.0	3.0	1.0	0.0	3.0	2.0	16.0	8.0	24.0	1.0	1.0	6.0	110.0	33.54545454545455	3.0	7.0	31.0	765.0
4	0.22	0.72	130	441	121853	130.0	63.0	14.0	2.0	12.0	0.0	1.0	0.0	3.0	2.0	16.0	5.0	22.0	1.0	1.0	4.25	122.0	31.374045801526716	3.0	6.0	29.5	789.0
4	0.22	0.73	132	421	109470	132.0	61.0	14.0	3.0	12.0	3.0	1.0	0.0	3.0	0.0	16.0	8.0	33.0	1.0	1.0	34.5	126.0	29.210526315789473	3.0	6.0	28.0	804.0
4	0.22	0.74	123	293	69410	123.0	56.0	14.0	2.0	12.0	4.0	1.0	0.0	3.0	0.0	16.0	4.0	41.0	1.0	1.5	61.0	120.0	22.887096774193548	3.0	6.0	17.0	830.0
4	0.23	0.65	102	776	312392	102.0	58.0	14.0	2.0	12.0	8.0	1.0	0.0	3.0	0.0	16.0	5.0	20.8	1.0	1.0	11.0	88.0	35.922330097087375	4.0	8.0	30.0	692.0
4	0.23	0.66	108	725	277169	108.0	58.0	14.0	2.0	12.0	6.0	1.0	0.0	3.0	3.0	16.0	7.0	21.6	1.0	1.0	9.0	95.0	39.80733944954128	4.0	8.0	33.0	700.0
4	0.23	0.67	105	550	178887	105.0	58.0	14.0	2.0	12.0	4.0	1.0	0.0	3.0	0.0	16.0	5.0	18.0	1.0	1.0	5.25	96.0	41.37735849056604	4.0	7.0	31.25	770.0
4	0.23	0.68	106	612	207288	106.0	61.0	14.0	2.0	12.0	0.0	1.0	0.0	3.0	0.0	16.0	5.0	35.333333333333336	1.0	4.5	52.5	97.0	36.38317757009346	4.0	7.5	31.5	735.0
4	0.23	0.69	115	571	184581	115.0	60.0	14.0	2.0	12.0	6.0	1.0	0.0	3.0	0.0	16.0	5.0	19.5	1.0	1.0	5.0	106.0	35.94827586206897	4.0	7.0	31.25	736.0
4	0.23	0.7	124	551	170099	124.0	60.0	14.0	2.0	12.0	4.0	1.0	0.0	3.0	0.0	16.0	4.0	25.2	1.0	1.0	6.0	116.0	35.312	3.0	8.0	30.0	751.0
4	0.23	0.71	123	478	132780	123.0	61.0	14.0	3.0	12.0	6.0	1.0	0.0	3.0	0.0	16.0	3.0	31.0	1.0	1.0	34.5	114.0	31.096774193548388	3.0	7.0	31.0	799.0
4	0.23	0.72	119	448	126289	119.0	62.0	14.0	3.0	12.0	5.0	1.0	0.0	3.0	2.0	16.0	9.0	20.333333333333332	1.0	1.25	5.75	109.0	33.68333333333333	4.0	7.0	29.0	789.0
4	0.23	0.73	124	370	92088	124.0	59.0	14.0	2.0	12.0	5.0	1.0	0.0	3.0	0.0	16.0	9.0	24.8	1.0	1.0	3.0	118.0	28.152	4.0	6.0	20.0	828.0
4	0.23	0.74	118	338	80915	118.0	60.0	14.0	2.0	12.0	4.0	1.0	0.0	3.0	0.0	16.0	0.0	39.333333333333336	1.0	1.5	58.5	115.0	28.016806722689076	4.0	6.0	20.5	845.0
4	0.24	0.65	74	814	344014	74.0	60.0	14.0	2.0	12.0	10.0	1.0	0.0	3.0	0.0	16.0	8.0	15.0	1.0	1.0	11.0	61.0	49.626666666666665	4.0	8.0	41.5	716.0
4	0.24	0.66	79	770	311512	79.0	49.0	14.0	2.0	12.0	0.0	1.0	0.0	3.0	0.0	16.0	0.0	15.8	1.0	1.0	10.0	66.0	45.675	4.0	8.0	33.75	723.0
4	0.24	0.67	86	589	190014	86.0	58.0	14.0	2.0	12.0	4.0	1.0	0.0	3.0	0.0	16.0	0.0	21.5	1.0	1.0	25.5	75.0	37.44827586206897	4.0	7.0	34.0	785.0
4	0.24	0.68	81	594	192641	81.0	56.0	14.0	2.0	12.0	0.0	1.0	0.0	3.0	0.0	16.0	6.0	40.5	10.0	25.25	55.75	71.0	39.41463414634146	4.0	7.0	36.25	788.0
4	0.24	0.69	79	542	166038	79.0	61.0	14.0	2.0	12.0	0.0	1.0	0.0	3.0	0.0	16.0	0.0	19.75	1.0	1.0	23.25	69.0	36.675	4.0	6.0	28.25	812.0
4	0.24	0.7	82	518	153129	82.0	60.0	14.0	2.0	12.0	0.0	1.0	0.0	3.0	0.0	16.0	0.0	27.333333333333332	1.0	3.5	40.5	75.0	37.903614457831324	4.0	6.5	32.0	812.0
4	0.24	0.71	92	534	160205	92.0	58.0	14.0	2.0	12.0	0.0	1.0	0.0	3.0	0.0	16.0	9.0	19.0	1.0	1.0	7.0	85.0	36.193548387096776	4.0	7.0	32.0	794.0
4	0.24	0.72	88	460	124712	88.0	55.0	14.0	2.0	12.0	5.0	1.0	0.0	3.0	0.0	16.0	5.0	44.0	3.0	23.5	64.5	85.0	33.86516853932584	4.0	6.0	23.0	829.0
4	0.24	0.73	101	384	97446	101.0	57.0	14.0	2.0	12.0	0.0	1.0	0.0	3.0	0.0	16.0	9.0	25.5	1.0	1.0	26.5	97.0	30.784313725490197	3.0	6.0	17.0	862.0
4	0.24	0.74	108	236	54169	108.0	58.0	14.0	2.0	12.0	0.0	1.0	0.0	3.0	0.0	16.0	8.0	54.0	1.0	27.5	80.5	107.0	23.38532110091743	3.0	6.0	14.0	902.0
4	0.3	0.5	9	1411	995327	9.0	21.0	14.0	0.0	12.0	0.0	1.0	0.0	3.0	0.0	16.0	0.0	3.0	2.0	2.0	3.5	5.0	174.4	5.0	6.75	210.25	1028.0
4	0.3	0.6	68	829	353361	68.0	52.0	14.0	3.0	12.0	6.0	1.0	1.0	3.0	2.0	16.0	5.0	23.0	1.0	5.5	34.0	58.0	43.88405797101449	4.0	7.0	36.0	655.0
4	0.3	0.7	69	638	227608	69.0	56.0	14.0	2.0	12.0	7.0	1.0	0.0	3.0	0.0	16.0	3.0	23.0	1.0	3.5	34.0	62.0	55.8	4.0	8.0	41.5	813.0
4	0.3	0.8	74	89	30140	74.0	51.0	14.0	0.0	12.0	0.0	1.0	0.0	3.0	0.0	16.0	0.0	74.0	74.0	74.0	74.0	74.0	27.08	3.0	6.0	15.0	1082.0
4	0.3	0.9	82	79	29553	82.0	50.0	14.0	0.0	12.0	0.0	1.0	0.0	3.0	0.0	16.0	0.0	82.0	82.0	82.0	82.0	82.0	27.542168674698797	3.0	6.5	18.0	1090.0
4	0.4	0.5	8	1364	930604	8.0	22.0	14.0	14.0	12.0	0.0	1.0	0.0	3.0	0.0	16.0	0.0	4.0	2.0	3.0	5.0	6.0	195.88888888888889	6.0	9.0	55.0	1260.0
4	0.4	0.6	46	943	456562	46.0	42.0	14.0	2.0	12.0	0.0	1.0	0.0	3.0	0.0	16.0	6.0	15.333333333333334	1.0	4.5	22.5	37.0	56.191489361702125	5.0	10.5	41.0	769.0
4	0.4	0.7	54	586	191991	54.0	57.0	14.0	2.0	12.0	6.0	1.0	0.0	3.0	0.0	16.0	10.0	18.333333333333332	3.0	3.5	26.0	48.0	67.0	6.0	13.0	51.0	852.0
4	0.4	0.8	48	90	30053	48.0	47.0	14.0	2.0	12.0	0.0	1.0	0.0	3.0	0.0	16.0	0.0	48.0	48.0	48.0	48.0	48.0	39.57142857142857	4.0	8.0	17.0	1194.0
4	0.4	0.9	57	79	29477	57.0	47.0	14.0	2.0	12.0	0.0	1.0	0.0	3.0	0.0	16.0	0.0	57.0	57.0	57.0	57.0	57.0	37.87931034482759	4.0	8.0	24.75	1188.0
4	0.5	0.5	5	1403	984840	5.0	20.0	14.0	14.0	12.0	0.0	1.0	0.0	3.0	0.0	16.0	0.0	2.5	2.0	2.25	2.75	3.0	295.8333333333333	12.0	51.25	222.25	1299.0
4	0.5	0.6	38	1047	556904	38.0	45.0	14.0	0.0	12.0	5.0	1.0	0.0	3.0	0.0	16.0	0.0	12.666666666666666	1.0	4.5	18.5	29.0	77.05128205128206	9.0	10.5	70.0	802.0
4	0.5	0.7	26	566	182066	26.0	52.0	14.0	0.0	12.0	0.0	1.0	0.0	3.0	0.0	16.0	8.0	5.6	1.0	2.0	2.0	21.0	97.96296296296296	10.0	14.5	88.0	926.0
4	0.5	0.8	26	90	30056	26.0	44.0	14.0	0.0	12.0	2.0	1.0	0.0	3.0	0.0	16.0	0.0	26.0	26.0	26.0	26.0	26.0	67.14814814814815	7.0	10.5	21.0	1278.0
4	0.5	0.9	33	76	29353	33.0	44.0	14.0	0.0	12.0	2.0	1.0	0.0	3.0	0.0	16.0	0.0	33.0	33.0	33.0	33.0	33.0	59.705882352941174	7.0	12.5	30.75	1281.0
4	0.6	0.5	2	55	71240																						
4	0.6	0.6	24	983	494338	24.0	42.0	14.0	0.0	12.0	11.0	1.0	0.0	3.0	3.0	16.0	4.0	12.0	5.0	8.5	15.5	19.0	105.84	9.0	22.0	106.0	847.0
4	0.6	0.7	13	93	41328	13.0	28.0	14.0	0.0	12.0	0.0	1.0	0.0	3.0	0.0	16.0	0.0	13.0	13.0	13.0	13.0	13.0	125.14285714285714	10.0	12.75	45.75	1374.0
4	0.6	0.8	16	92	30047	16.0	29.0	14.0	0.0	12.0	0.0	1.0	0.0	3.0	0.0	16.0	0.0	16.0	16.0	16.0	16.0	16.0	103.11764705882354	10.0	12.0	33.0	1354.0
4	0.6	0.9	25	76	29321	25.0	40.0	14.0	2.0	12.0	2.0	1.0	0.0	3.0	0.0	16.0	0.0	25.0	25.0	25.0	25.0	25.0	77.38461538461539	10.0	15.0	34.5	1333.0
4	0.7	0.5	2	55	101531																						
4	0.7	0.6	9	1064	572354	9.0	41.0	14.0	2.0	12.0	0.0	1.0	0.0	3.0	0.0	16.0	7.0	4.5	3.0	3.75	5.25	6.0	220.3	22.0	37.25	224.75	963.0
4	0.7	0.7	15	593	196535	15.0	46.0	14.0	0.0	12.0	0.0	1.0	0.0	3.0	0.0	16.0	0.0	7.5	2.0	4.75	10.25	13.0	175.625	10.0	45.75	149.5	938.0
4	0.7	0.8	16	97	30554	16.0	28.0	14.0	2.0	12.0	0.0	1.0	0.0	3.0	0.0	16.0	0.0	16.0	16.0	16.0	16.0	16.0	103.82352941176471	10.0	12.0	33.0	1363.0
4	0.7	0.9	22	76	29313	22.0	39.0	14.0	2.0	12.0	2.0	1.0	0.0	3.0	0.0	16.0	0.0	22.0	22.0	22.0	22.0	22.0	85.21739130434783	10.0	13.5	36.0	1362.0
4	0.8	0.5	2	55	134608																						
4	0.8	0.6	9	1037	546387	9.0	36.0	14.0	6.0	12.0	0.0	1.0	0.0	3.0	0.0	16.0	0.0	4.5	2.0	3.25	5.75	7.0	242.6	31.0	50.25	264.5	955.0
4	0.8	0.7	6	624	209115	6.0	38.0	14.0	2.0	12.0	8.0	1.0	0.0	3.0	0.0	16.0	0.0	3.0	2.0	2.5	3.5	4.0	249.85714285714286	10.0	22.5	325.5	993.0
4	0.8	0.8	14	97	30527	14.0	28.0	14.0	0.0	12.0	0.0	1.0	0.0	3.0	0.0	16.0	0.0	14.0	14.0	14.0	14.0	14.0	116.73333333333333	10.0	11.5	40.5	1376.0
4	0.8	0.9	19	76	29311	19.0	39.0	14.0	0.0	12.0	2.0	1.0	0.0	3.0	0.0	16.0	0.0	19.0	19.0	19.0	19.0	19.0	95.55	10.0	14.25	38.5	1377.0
4	0.9	0.5	2	55	182768																						
4	0.9	0.6	2	50	23288																						
4	0.9	0.7	6	109	64289	6.0	20.0	14.0	2.0	12.0	0.0	1.0	0.0	3.0	0.0	16.0	0.0	6.0	6.0	6.0	6.0	6.0	241.0	10.0	11.0	79.5	1463.0
4	0.9	0.8	13	49	30454	13.0	22.0	14.0	2.0	12.0	0.0	1.0	0.0	3.0	0.0	16.0	0.0	13.0	13.0	13.0	13.0	13.0	123.0	10.0	11.25	27.0	1480.0
4	0.9	0.9	19	76	29311	19.0	35.0	14.0	2.0	12.0	2.0	1.0	0.0	3.0	0.0	16.0	0.0	19.0	19.0	19.0	19.0	19.0	93.0	10.0	12.0	33.5	1379.0
